{
  "project_info": {
    "project_number": "291885401107",
    "firebase_url": "https://fir-flutter-62ba6.firebaseio.com",
    "project_id": "fir-flutter-62ba6",
    "storage_bucket": "fir-flutter-62ba6.appspot.com"
  },
  "client": [
    {
      "client_info": {
        "mobilesdk_app_id": "1:291885401107:android:e429927c9063f463776be6",
        "android_client_info": {
          "package_name": "com.millanscarlos.onesignal_ejemplo"
        }
      },
      "oauth_client": [
        {
          "client_id": "291885401107-evq2b8ivo56kv09t83vluk7oc6ti8mus.apps.googleusercontent.com",
          "client_type": 3
        }
      ],
      "api_key": [
        {
          "current_key": "AIzaSyC7dJF_LyFWS_ykHjEwsWyu7QqVndYDpQg"
        }
      ],
      "services": {
        "appinvite_service": {
          "other_platform_oauth_client": [
            {
              "client_id": "291885401107-evq2b8ivo56kv09t83vluk7oc6ti8mus.apps.googleusercontent.com",
              "client_type": 3
            }
          ]
        }
      }
    },
    {
      "client_info": {
        "mobilesdk_app_id": "1:291885401107:android:d83f044e1909f700",
        "android_client_info": {
          "package_name": "flutterfr.millan.carlos"
        }
      },
      "oauth_client": [
        {
          "client_id": "291885401107-28gbfqctpmu5hl3k02k6daajhak0iv7q.apps.googleusercontent.com",
          "client_type": 1,
          "android_info": {
            "package_name": "flutterfr.millan.carlos",
            "certificate_hash": "694b7306926d6526b811ae79b976147166a66bf6"
          }
        },
        {
          "client_id": "291885401107-evq2b8ivo56kv09t83vluk7oc6ti8mus.apps.googleusercontent.com",
          "client_type": 3
        }
      ],
      "api_key": [
        {
          "current_key": "AIzaSyC7dJF_LyFWS_ykHjEwsWyu7QqVndYDpQg"
        }
      ],
      "services": {
        "appinvite_service": {
          "other_platform_oauth_client": [
            {
              "client_id": "291885401107-evq2b8ivo56kv09t83vluk7oc6ti8mus.apps.googleusercontent.com",
              "client_type": 3
            }
          ]
        }
      }
    }
  ],
  "configuration_version": "1"
}